郵便番号,住所1,住所2（建物名など）,会社名,部署名,役職,氏名,敬称
100-0001,見本県見本市中央1-2-3,見本ビル5階,見本商事株式会社,営業部,部長,山田 太郎,
１２３－４５６７,見本県架空町本町2-10-4,,,,,佐藤 花子,
2345678,見本県見本市北区青葉台3-1-15,さくらハイツ201,,,,鈴木 一郎,
345-6789,見本県架空郡みどり村大字見本1234,,株式会社サンプル工業,総務部,,,
〒456-7890,見本県見本市南区港町5-6-7,港ビルディング12階,架空システム株式会社,開発部,課長,高橋 健二,
567-8901,見本県架空町栄町8-9,,一般社団法人見本協会,,,,
678-9012,見本県見本市東区桜通4-3-2,,見本医院,,院長,田中 誠,先生
789-0123,見本県架空市大通西10丁目1番地,見本タワーオフィス棟 north wing 34階,見本ホールディングス株式会社,経営企画本部 グループ戦略推進部,シニアマネージャー,渡辺 美咲,
890-1234,見本県見本市西区若葉1-1-1,,,,,伊藤 直子,
901-2345,見本県架空町旭2-2-2,"コーポ見本 ""A棟"" 305",,,,小林 大輔,
012-3456,見本県見本市中央6-5-4,,見本出版株式会社,編集部,,,各位
